{"cameraMode":{"drawMode":0,"name":"Shaded","section":"Shading Mode"},"sceneLighting":true,"audioPlay":false,"sceneViewState":{"m_AlwaysRefresh":true,"showFog":true,"showSkybox":true,"showFlares":true,"showImageEffects":true,"showParticleSystems":true,"showVisualEffectGraphs":true,"m_FxEnabled":true},"in2DMode":false,"pivot":{"x":459.78411865234377,"y":212.15274047851563,"z":7.07763671875},"rotation":{"x":0.03299408778548241,"y":-0.0035998255480080845,"z":0.00011562620056793094,"w":0.999457836151123},"size":302.51763916015627,"orthographic":true}